filename,samplename,hemisphere,sex,treatment
61_C_M_T_HVHYTDMXX_ACCACGACAT-CCGCATACGA_L002_R1.fastq.gz,C_M_T_61,C,M,T
61_I_M_T_HVHYTDMXX_GCCGCACTCT-CGAGGTCGGA_L002_R1.fastq.gz,I_M_T_61,I,M,T
62_C_M_S_HVHYTDMXX_CCACCAGGCA-ATTCCATAAG_L002_R1.fastq.gz,C_M_S_62,C,M,S
62_I_M_S_HVHYTDMXX_GTGACACGCA-GTCCGTAAGC_L002_R1.fastq.gz,I_M_S_62,I,M,S
63_C_M_S_HVHYTDMXX_ACAGTGTATG-CCGTATGTTC_L002_R1.fastq.gz,C_M_S_63a,C,M,S
63_I_M_S_HVHYTDMXX_TGATTATACG-TGTAATCGAC_L002_R1.fastq.gz,I_M_S_63a,I,M,S
64_C_M_T_HVHYTDMXX_CAGCCGCGTA-CACGGCTAGT_L002_R1.fastq.gz,C_M_T_64,C,M,T
64_I_M_T_HVHYTDMXX_GGTAACTCGC-TCACCAACTT_L002_R1.fastq.gz,I_M_T_64,I,M,T
65_C_M_T_HVHYTDMXX_ACCGGCCGTA-AATATTGCCA_L002_R1.fastq.gz,C_M_T_65,C,M,T
65_I_M_T_HVHYTDMXX_TGTAATCGAC-CGCGGTGATC_L002_R1.fastq.gz,I_M_T_65,I,M,T
66_C_M_S_HVHYTDMXX_GTGCAGACAG-ACGGATGGTA_L002_R1.fastq.gz,C_M_S_66,C,M,S
66_I_M_S_HVHYTDMXX_CAATCGGCTG-TTCCTACAGC_L002_R1.fastq.gz,I_M_S_66,I,M,S
67_C_M_T_HVHYTDMXX_TATGTAGTCA-CATTAGTGCG_L002_R1.fastq.gz,C_M_T_67,C,M,T
67_I_M_T_HVHYTDMXX_ACTCGGCAAT-TTCAGTTGTC_L002_R1.fastq.gz,I_M_T_67,I,M,T
68_C_M_S_HVHYTDMXX_GTCTAATGGC-CCTGACCACT_L002_R1.fastq.gz,C_M_S_68,C,M,S
68_I_M_S_HVHYTDMXX_CCATCTCGCC-AACCATAGAA_L002_R1.fastq.gz,I_M_S_68,I,M,S
69_C_M_S_HVHYTDMXX_CTGCGAGCCA-TGGCCGGATT_L002_R1.fastq.gz,C_M_S_69,C,M,S
69_I_M_S_HVHYTDMXX_CGTTATTCTA-AACCTTATGG_L002_R1.fastq.gz,I_M_S_69,I,M,S
70_C_M_T_HVHYTDMXX_AGATCCATTA-TGGTAGAGAT_L002_R1.fastq.gz,C_M_T_70,C,M,T
70_I_M_T_HVHYTDMXX_GTCCTGGATA-TTCGCCACCG_L002_R1.fastq.gz,I_M_T_70,I,M,T
71_C_F_T_HVHYTDMXX_CAGTGGCACT-CCTATTGTTA_L002_R1.fastq.gz,C_F_T_71,C,F,T
71_I_F_T_HVHYTDMXX_AGTGTTGCAC-CGTGTACCAG_L002_R1.fastq.gz,I_F_T_71,I,F,T
72_C_F_S_HVHYTDMXX_GACACCATGT-TACACGTTGA_L002_R1.fastq.gz,C_F_S_72,C,F,S
72_I_F_S_HVHYTDMXX_CCTGTCTGTC-TCACAACAGT_L002_R1.fastq.gz,I_F_S_72,I,F,S
73_C_F_S_HVHYTDMXX_TGATGTAAGA-AAGGACGCAC_L002_R1.fastq.gz,C_F_S_73,C,F,S
73_I_F_S_HVHYTDMXX_GGAATTGTAA-AGGATGTGCT_L002_R1.fastq.gz,I_F_S_73,I,F,S
74_C_F_S_HVHYTDMXX_GCATAAGCTT-TGCGACGGAA_L002_R1.fastq.gz,C_F_S_74,C,F,S
74_I_F_S_HVHYTDMXX_CTGAGGAATA-AGTGGTTAAG_L002_R1.fastq.gz,I_F_S_74,I,F,S
75_C_F_T_HVHYTDMXX_AACGCACGAG-TATCCGAGGC_L002_R1.fastq.gz,C_F_T_75,C,F,T
75_I_F_T_HVHYTDMXX_TCTATCCTAA-CCAGTCGACG_L002_R1.fastq.gz,I_F_T_75,I,F,T
76_C_F_T_HVHYTDMXX_CTCGCTTCGG-TTGACTAGTA_L002_R1.fastq.gz,C_F_T_76,C,F,T
76_I_F_T_HVHYTDMXX_CTGTTGGTCC-AACGGTCTAT_L002_R1.fastq.gz,I_F_T_76,I,F,T
77_C_F_S_HVHYTDMXX_TTACCTGGAA-CTGGAACTGT_L002_R1.fastq.gz,C_F_S_77,C,F,S
77_I_F_S_HVHYTDMXX_TGGCTAATCA-CTACATGCCT_L002_R1.fastq.gz,I_F_S_77,I,F,S
78_C_F_T_HVHYTDMXX_AACACTGTTA-TGAGACTTGC_L002_R1.fastq.gz,C_F_T_78,C,F,T
78_I_F_T_HVHYTDMXX_ATTGCGCGGT-GCGGAGCCAA_L002_R1.fastq.gz,I_F_T_78,I,F,T
79_C_F_S_HVHYTDMXX_TGGCGCGAAC-AGTATCAGTT_L002_R1.fastq.gz,C_F_S_79,C,F,S
79_I_F_S_HVHYTDMXX_TAATGTGTCT-TATGCCTTAC_L002_R1.fastq.gz,I_F_S_79,I,F,S
80_C_F_T_HVHYTDMXX_ATACCAACGC-CGCAGCAATT_L002_R1.fastq.gz,C_F_T_80,C,F,T
80_I_F_T_HVHYTDMXX_AGGATGTGCT-GGAATTGTAA_L002_R1.fastq.gz,I_F_T_80,I,F,T
63_C_M_S_H3T3JDRXY_ACAGTGTATG-CCGTATGTTC_L001_R1.fastq.gz,C_M_S_63b,C,M,S
63_C_M_S_H3T3JDRXY_ACAGTGTATG-CCGTATGTTC_L002_R1.fastq.gz,C_M_S_63c,C,M,S
63_I_M_S_H3T3JDRXY_TGATTATACG-TGTAATCGAC_L001_R1.fastq.gz,I_M_S_63b,I,M,S
63_I_M_S_H3T3JDRXY_TGATTATACG-TGTAATCGAC_L002_R1.fastq.gz,I_M_S_63c,I,M,S