sample_name,filename,indiv,hemisphere,sex,treatment
C_M_T_61,61_C_M_T_HVHYTDMXX_ACCACGACAT-CCGCATACGA_L002_R1.fastq.gz,61,C,M,T
I_M_T_61,61_I_M_T_HVHYTDMXX_GCCGCACTCT-CGAGGTCGGA_L002_R1.fastq.gz,61,I,M,T
C_M_S_62,62_C_M_S_HVHYTDMXX_CCACCAGGCA-ATTCCATAAG_L002_R1.fastq.gz,62,C,M,S
I_M_S_62,62_I_M_S_HVHYTDMXX_GTGACACGCA-GTCCGTAAGC_L002_R1.fastq.gz,62,I,M,S
C_M_S_63,63_C_M_S_HVHYTDMXX_ACAGTGTATG-CCGTATGTTC_L002_R1.fastq.gz,63,C,M,S
I_M_S_63,63_I_M_S_HVHYTDMXX_TGATTATACG-TGTAATCGAC_L002_R1.fastq.gz,63,I,M,S
C_M_T_64,64_C_M_T_HVHYTDMXX_CAGCCGCGTA-CACGGCTAGT_L002_R1.fastq.gz,64,C,M,T
I_M_T_64,64_I_M_T_HVHYTDMXX_GGTAACTCGC-TCACCAACTT_L002_R1.fastq.gz,64,I,M,T
C_M_T_65,65_C_M_T_HVHYTDMXX_ACCGGCCGTA-AATATTGCCA_L002_R1.fastq.gz,65,C,M,T
I_M_T_65,65_I_M_T_HVHYTDMXX_TGTAATCGAC-CGCGGTGATC_L002_R1.fastq.gz,65,I,M,T
C_M_S_66,66_C_M_S_HVHYTDMXX_GTGCAGACAG-ACGGATGGTA_L002_R1.fastq.gz,66,C,M,S
I_M_S_66,66_I_M_S_HVHYTDMXX_CAATCGGCTG-TTCCTACAGC_L002_R1.fastq.gz,66,I,M,S
C_M_T_67,67_C_M_T_HVHYTDMXX_TATGTAGTCA-CATTAGTGCG_L002_R1.fastq.gz,67,C,M,T
I_M_T_67,67_I_M_T_HVHYTDMXX_ACTCGGCAAT-TTCAGTTGTC_L002_R1.fastq.gz,67,I,M,T
C_M_S_68,68_C_M_S_HVHYTDMXX_GTCTAATGGC-CCTGACCACT_L002_R1.fastq.gz,68,C,M,S
I_M_S_68,68_I_M_S_HVHYTDMXX_CCATCTCGCC-AACCATAGAA_L002_R1.fastq.gz,68,I,M,S
C_M_S_69,69_C_M_S_HVHYTDMXX_CTGCGAGCCA-TGGCCGGATT_L002_R1.fastq.gz,69,C,M,S
I_M_S_69,69_I_M_S_HVHYTDMXX_CGTTATTCTA-AACCTTATGG_L002_R1.fastq.gz,69,I,M,S
C_M_T_70,70_C_M_T_HVHYTDMXX_AGATCCATTA-TGGTAGAGAT_L002_R1.fastq.gz,70,C,M,T
I_M_T_70,70_I_M_T_HVHYTDMXX_GTCCTGGATA-TTCGCCACCG_L002_R1.fastq.gz,70,I,M,T
C_F_T_71,71_C_F_T_HVHYTDMXX_CAGTGGCACT-CCTATTGTTA_L002_R1.fastq.gz,71,C,F,T
I_F_T_71,71_I_F_T_HVHYTDMXX_AGTGTTGCAC-CGTGTACCAG_L002_R1.fastq.gz,71,I,F,T
C_F_S_72,72_C_F_S_HVHYTDMXX_GACACCATGT-TACACGTTGA_L002_R1.fastq.gz,72,C,F,S
I_F_S_72,72_I_F_S_HVHYTDMXX_CCTGTCTGTC-TCACAACAGT_L002_R1.fastq.gz,72,I,F,S
C_F_S_73,73_C_F_S_HVHYTDMXX_TGATGTAAGA-AAGGACGCAC_L002_R1.fastq.gz,73,C,F,S
I_F_S_73,73_I_F_S_HVHYTDMXX_GGAATTGTAA-AGGATGTGCT_L002_R1.fastq.gz,73,I,F,S
C_F_S_74,74_C_F_S_HVHYTDMXX_GCATAAGCTT-TGCGACGGAA_L002_R1.fastq.gz,74,C,F,S
I_F_S_74,74_I_F_S_HVHYTDMXX_CTGAGGAATA-AGTGGTTAAG_L002_R1.fastq.gz,74,I,F,S
C_F_T_75,75_C_F_T_HVHYTDMXX_AACGCACGAG-TATCCGAGGC_L002_R1.fastq.gz,75,C,F,T
I_F_T_75,75_I_F_T_HVHYTDMXX_TCTATCCTAA-CCAGTCGACG_L002_R1.fastq.gz,75,I,F,T
C_F_T_76,76_C_F_T_HVHYTDMXX_CTCGCTTCGG-TTGACTAGTA_L002_R1.fastq.gz,76,C,F,T
I_F_T_76,76_I_F_T_HVHYTDMXX_CTGTTGGTCC-AACGGTCTAT_L002_R1.fastq.gz,76,I,F,T
C_F_S_77,77_C_F_S_HVHYTDMXX_TTACCTGGAA-CTGGAACTGT_L002_R1.fastq.gz,77,C,F,S
I_F_S_77,77_I_F_S_HVHYTDMXX_TGGCTAATCA-CTACATGCCT_L002_R1.fastq.gz,77,I,F,S
C_F_T_78,78_C_F_T_HVHYTDMXX_AACACTGTTA-TGAGACTTGC_L002_R1.fastq.gz,78,C,F,T
I_F_T_78,78_I_F_T_HVHYTDMXX_ATTGCGCGGT-GCGGAGCCAA_L002_R1.fastq.gz,78,I,F,T
C_F_S_79,79_C_F_S_HVHYTDMXX_TGGCGCGAAC-AGTATCAGTT_L002_R1.fastq.gz,79,C,F,S
I_F_S_79,79_I_F_S_HVHYTDMXX_TAATGTGTCT-TATGCCTTAC_L002_R1.fastq.gz,79,I,F,S
C_F_T_80,80_C_F_T_HVHYTDMXX_ATACCAACGC-CGCAGCAATT_L002_R1.fastq.gz,80,C,F,T
I_F_T_80,80_I_F_T_HVHYTDMXX_AGGATGTGCT-GGAATTGTAA_L002_R1.fastq.gz,80,I,F,T
